{
  "version": 1,
  "author": "Anonymous maker",
  "editor": "wokwi",
  "parts": [
    { "type": "wokwi-arduino-mega", "id": "mega", "top": 0, "left": 0, "attrs": {} },
    {
      "type": "wokwi-analog-joystick",
      "id": "joystick1",
      "top": -147.15,
      "left": 100.17,
      "attrs": {}
    }
  ],
  "connections": [
    [ "joystick1:VCC", "mega:5V", "red", [ "v0" ] ],
    [ "joystick1:GND", "mega:GND.1", "black", [ "v0" ] ],
    [ "joystick1:SEL", "mega:2", "green", [ "v0" ] ],
    [ "joystick1:VERT", "mega:A0", "green", [ "v0" ] ],
    [ "joystick1:HORZ", "mega:A1", "green", [ "v0" ] ]
  ],
  "dependencies": {}
}